【MGSだけの特典映像付き+15分】神イカせ 完全ガチ拘束強制アクメ 09 過剰な絶頂が引き起こす快楽と苦痛の両天秤で膀胱崩壊絶頂！！ 鈴村あいり,出演： 鈴村あいり,メーカー： プレステージ,収録時間： 145min,品番： ABP-838,配信開始日： 2019/02/28,商品発売日： 2019/03/08,シリーズ： 神イカせ 完全ガチ拘束強制アクメ,レーベル： ABSOLUTELY PERFECT,ジャンル： ハイビジョン(HD) 単体作品 SM オモチャ 潮吹き イラマチオ 拘束 スレンダー 淫乱・ハード系 MGSだけの特典映像付,対応デバイス： Windows/Mac  iPhone/Android,【期間限定！～2019/04/07 23:59までに、この商品をご購入された方に通常の還元ポイントに加え、さらに期間固定ポイント300ptプレゼント！※ポイント付与予定日：購入日の翌日12時頃/ポイント有効期限：14日間/注意事項：BIGLOBE・Nifty・GYAO・PCMAX経由のお客様は対象外です】 【MGSだけの特典映像付】 +15分 プレステージ専属女優『鈴村あいり』に逃れられない快楽を…。四肢の自由を奪い、局部を剥き出しに。艶やかな肢体をなりふり構わず貪り、痛みや苦しみと表裏一体の快楽を刻み込んでいく。自由を許さぬ拘束、意思を無視して動き続ける玩具、情け容赦なく続く愛撫。望まぬ絶頂を繰り返された身体は苦痛を超えた悦びを見出す。喉奥を犯すイラマチオは非日常の快感を、延々と繰り返されるピストンは限界を超えた絶頂を。果てしなく続く刺激が未知なるMの境地へ導いていく。逃げ場のない完全ガチ拘束のエンドレス絶頂で鈴村あいりが狂喜乱舞！！
家まで送ってイイですか？ case.130 『ギッチギチに縛って下さい！』 妄想に生きるSMオタクは縄とローソクとムチでイク！突然の尿意"恥ずかしい"がブッ壊れた女『痛みは快楽の一歩目』刺激に飢えたエクスタシーマニア濡れる・吹く・イク！人間スプリンクラー決壊マ○コ父に向けられた包丁…縄が引き出してくれた"本当の喜び"とは,出演： ヨーコさん/21歳/アパレル店員兼ガールズバー勤務,メーカー： ドキュメンTV,収録時間： 88min,品番： 277DCV-130,配信開始日： 2019/03/01,商品発売日： DVD未発売,シリーズ： 家まで送ってイイですか？,レーベル： ドキュメンTV,ジャンル： ナンパ 企画 配信専用素人 独占配信 ハイビジョン(HD) スレンダー SM イラマチオ オモチャ 美尻,対応デバイス： Windows/Mac  iPhone/Android,終電を逃した女性に「タクシー代を支払うので家にいっていいですか？」という某番組のフリをし、声をかけ家まで行ってやっちゃおうという企画です。片付けきれていない素のお宅にはその人の人間ドラマがある。■報告レポート①今回は荻窪駅周辺に出没！仕事終わりのガールズバー店員さんに遭遇！彼女の家にお邪魔することになりました！②吉祥寺方面のご自宅までタクシーで移動！コスプレをしたりサランラップ越しにキスしたりと、ちょっと変わったお店に勤務しているみたい。昼間はアパレル店員だという…。めっちゃ働きますやん！③ご自宅に到着！部屋の中には3代目のブラザーズなグッズが所狭しと飾ってあります。がんちゃんファン。彼のことを語る時の乙女な表情が可愛らしい！④SMに興味があるようで本がたくさん！なんと調教師がいていろいろ調教されているらしい…。生きているのがしんどい時期があったそうですが、SMに出会ってからは人生が楽しくなったと語る彼女。⑤SMグッズを見せてもらいました。ちょろっと首輪をつけてもらったんですが、気が付けば彼女の目がとろ～んとしてきました！今回は図らずもエロい展開になりましたね！スイッチが入った彼女の乳首を強めにキュッと…。痛いハズなのに『気持ちいぃ…』とMモードに突入！⑥セックス⇒なかなかレベルの高いお姉さんみたいなので男優さんに来てもらいました！ドMな彼女は玄関で尻を突き出しお出迎え！ケツを叩かれオマ〇コはトロトロ…。部屋に辿り着く前に廊下で挿入&激ピストン！お漏らししながら絶頂を繰り返す変態っぷり！その後も優しく抱きしめるようなシーンは一切ナシ！首絞め！頭を押さえつけられながらのピストン！イラマ！喘ぎ声と嗚咽を交互に発しながら果てた彼女、涙と唾液と体液とおしっこで部屋はビショビショです…。⑦すべてが終わった後に彼女の生い立ちを探ってみました。小さい頃から家庭環境が悪い中で育ったようでした…。母親とは話すが、父親と話したことが全くないそう。包丁を向けられたこともあったのだという。しかし、決して父親のことを恨んではいないのだとか。健気過ぎる…。そしてタクシーの中で少しだけ語っていた将来の夢、保育士を目指しているそうです。今は専門学校へ通うためにお金をためています。アパレルとガールズバーの2足の草鞋、これが理由だったんですね！涙ながらに自らを語る姿、応援してあげたくなる素敵な子でした！以上！！
ハンドマッサ嬢を呼んでヤルまでをクローゼットから盗撮！？ドスケベ女と中出しまで完璧にこなせちゃいました！,出演： ,メーカー： 投稿マーケット素人イッてQ,収録時間： 61min,品番： 324SRTD-0116,配信開始日： 2019/03/01,商品発売日： DVD未発売,シリーズ： デリバリーハンドマッサージエステ,レーベル：,ジャンル： ハイビジョン(HD) 配信専用素人 投稿 エステ・マッサージ 巨乳 パイパン 電マ 中出し,対応デバイス： Windows/Mac  iPhone/Android,ヤレると噂のあるハンドマッサージを呼んで、クローゼットに友人隠れてもらい盗撮！昼は事務職をしているというカワイイ子が来てくれた！軽くタッチから徐々にタッチ、69に持ち込むことに成功したら、クローゼットの中の友人が前のめりになり過ぎて物音立ててしまった！でもそのまま怯まず撮影を続行…マッサ嬢には「お店にバレちゃマズイでしょ」と半脅しでパイパンのアソコに挿入！自ら電マを当てて、騎乗位で腰を振ってドスケベぶりが半端ないことが判明！結局、気持ち良くなり過ぎてどうでも良くなったマッサ嬢が「良いからそのまま中に出して～」
数年ぶりの姉弟風呂。『弟と一緒にお風呂入ってみませんか？』しずか22歳 大学4年生 教育学部,出演： ,メーカー： SODクリエイト,収録時間： 156min,品番： 107OFRO-003,配信開始日： 2019/02/21,商品発売日： ,シリーズ： 姉弟風呂,レーベル： 顔出し！はじらい素人,ジャンル： 配信専用素人 ドキュメンタリー 近親相姦 姉・妹 企画,対応デバイス： Windows/Mac  iPhone/Android,『弟と一緒にお風呂入ってみませんか？』ドキドキ定点観測モニタリング！中野の路上にて家族調査で、“弟を異性として好き”と答えた素人女性に突撃、気持ちを伝える為に一緒にお風呂に入る事を提案。弟の入浴中に突撃する姉の勇姿をご覧ください。Girl:しずかさん教育学部4年生(Ecup)弟が裸族でドキドキしてしまうのが悩み。
【MGSだけの特典映像付き+15分】抱かれたくない男にトチ狂うほどに中出しされて 密室調教ドキュメント 全ての精子を膣に注ぎ込む…！ 織笠るみ,出演： 織笠るみ,メーカー： KANBi,収録時間： 145min,品番： 336KBI-010,配信開始日： 2019/02/28,商品発売日： 2019/03/08,シリーズ：,レーベル： 甘美,ジャンル： ハイビジョン(HD) 人妻 単体作品 中出し SM オモチャ 拘束 スレンダー 調教・奴隷 MGSだけの特典映像付,対応デバイス： Windows/Mac  iPhone/Android,【期間限定！～2019/04/07 23:59までに、この商品をご購入された方に通常の還元ポイントに加え、さらに期間固定ポイント300ptプレゼント！※ポイント付与予定日：購入日の翌日12時頃/ポイント有効期限：14日間/注意事項：BIGLOBE・Nifty・GYAO・PCMAX経由のお客様は対象外です】 【MGSだけの特典映像付】 +15分 KANBi専属女優『織笠るみ』を新たな快楽へ陥れる密室調教録。人妻として、AV女優として輝きを放つ美淑女に多量の精液を注ぎ込む。容姿・人格への嫌悪感を露にする女は薬で昏睡状態に。手足の拘束によって無抵抗な肉体を執拗に喰らい、喉奥に肉棒を突き刺す。絶え間なく続くピストンが苦悶の表情を悦びに変え、全身が震え上がる程の絶頂を刻み込む。繰り返される調教によって羞恥を捨てた体はさらなる加虐を望み、男への忠誠を誓う…。
普通の女の子がAV女優になるまでの軌跡にカメラが密着！美乳Eカップの高身長OLは初AVなのに、カメラ忘れちゃう程イキまくる敏感美少女 ののかちゃん(仮名) AV debut！！,出演： ,メーカー： プレステージ,収録時間： 155min,品番： DIC-056,配信開始日： 2019/02/07,商品発売日： 2019/02/15,シリーズ：,レーベル： discover,ジャンル： ハイビジョン(HD) 素人 デビュー作品 SM イラマチオ オモチャ 拘束 スレンダー 美乳 清楚,対応デバイス： Windows/Mac  iPhone/Android,OL、ののかちゃん(仮名)。某居酒屋チェーンで事務員として勤務。彼氏はおらず、多忙な日常の中で「出会い系サイト」を駆使して性欲を解消しているという。日頃からAVを鑑賞しており、中でもSMへの強い興味から出演を決意した。しなやかな手足が備わる168cmの長身ボディは刺激を浴びると敏感な反応を示し、陰部から多量の愛液があふれ出す。喉奥深くへのイラマチオや不自由を強いる緊縛、執拗な玩具責め、首絞めetc.加虐的な行為に悦びを感じ、容赦ないピストンで幾度も絶頂に到達。念願のSMを堪能し、晴れやかな表情を魅せる美少女の密着ドキュメントをお楽しみください♪
みつき,出演： ,メーカー： オフパコ,収録時間： 55min,品番： 323OFPC-0073,配信開始日： 2019/03/02,商品発売日： ,シリーズ：,レーベル： オフパコ,ジャンル： ハメ撮り 電マ 美尻 巨乳 童顔 配信専用素人 ハイビジョン(HD),対応デバイス： Windows/Mac  iPhone/Android,20歳の専門学校生をゲット！！オフパコをお小遣い稼ぎとお遊びでやっちゃう、天真爛漫に笑いかけてくる小悪魔女子。笑顔でチ○ポをペロペロしながら奉仕精神たっぷりの丁寧なフェラ。ディープキスから唾交換もごっくん。全裸にして電マで虐めたら、電マを奪って自分でオナニー始めちゃった。イッちゃう時の表情と絶叫が最高に可愛い。イチャイチャセックスで甘えるように可愛い声で悶える最高のオンナの子。
「お願い！泊めて？」上京した僕の家に泊まりに来た妹が知らぬ間に美少女に！？無防備な薄着で寝る妹のピチピチのカラダに興奮した兄は… 激しい性交で、いつもツンツンな妹が豹変！！,出演： ,メーカー： DOC,収録時間： 225min,品番： DOCP-132,配信開始日： 2019/02/21,商品発売日： 2019/03/01,シリーズ：,レーベル： DOC PREMIUM,ジャンル： ハイビジョン(HD) 姉・妹 近親相姦 中出し 美少女,対応デバイス： Windows/Mac  iPhone/Android,「おっじゃまっしまーす！今日泊めて？？」いきなり僕の家にやって来た妹は今晩だけ泊めてと言って聞かない…。仕方なくOKし、2人で買い物に行ったりバイトに出る為妹に留守番をお願いしたりして夜を迎えた。スヤスヤと寝る妹を見ると、知らぬ間にカラダもよく育ち、すっかり大人の美女になっていた…。イヤらしい事なんて考えてはいけない！と思えば思うほど僕のチ●ポはギンギンにフルボッキし…
うつ勃起くやしいです！！ 娘が家庭教師に寝取られて親に謝りながらハメ撮りセックスしてるんだけど(涙) 女子●生中出しNTR 11人 4時間,出演： ,メーカー： ビッグモーカル,収録時間： 240min,品番： 022EIKI-093,配信開始日： 2019/02/23,商品発売日： 2019/02/23,シリーズ： うつ勃起,レーベル： EIKI,ジャンル： ハイビジョン(HD) 女子校生 巨乳 素人 寝取り・寝取られ 中出し 4時間以上作品,対応デバイス： Windows/Mac  iPhone/Android,お父さんは絶対見ないでください…。愛情たっぷり、手塩にかけて育てた娘が、ゲスな男のチンポをハメたまま、カメラに向かって「お父さんゴメンなさい…」と言わされる最低の映像…。そして、映像の最後には見たことのない顔でヨガり狂い、中出しさえ自ら受け入れる自分の知らない姿が…。もう一度言います。お父さんは絶対見ないでください…。
バイトのギャル軟派 6,出演： ,メーカー： マーキュリー,収録時間： 140min,品番： 298HONB-119,配信開始日： 2019/02/27,商品発売日： 2019/02/27,シリーズ： ギャル軟派,レーベル： 初代渋谷特別特攻本部,ジャンル： 制服 童顔 ドキュメンタリー ギャル 素人 ハイビジョン(HD) 寝取り・寝取られ ハメ撮り,対応デバイス： Windows/Mac  iPhone/Android,これはAVなんでしょうか？いやドキュメンタリーです。彼氏の働く職場で一生懸命バイトする女の子の初浮気、NTRともいえる激ヤバ動画になります。脱いだら超スタイル抜群のFカップでした。こんなツンデレいいですよね。。。付き合うのは嫌かもしれませんが是非セッ●スは見てやってください！(^^)！オススメです。
ひと揉み500円で触れる課金OK痴漢を温泉地ではじめたギャルだがワニガチ勢には全く通じず無課金で中出し無双されてしまい… パリピギャルが公衆の面前で痴漢絶頂！！,出演： ,メーカー： ゲッツ!!,収録時間： 130min,品番： 278GETS-107,配信開始日： 2019/02/28,商品発売日： 2019/03/08,シリーズ：,レーベル： ゲッツ!!,ジャンル： ハイビジョン(HD) ギャル 痴漢 温泉 野外・露出 中出し 水着 3P・4P,対応デバイス： Windows/Mac  iPhone/Android,ウエイすぎるギャルがカツアゲよろしく無理やりカラダを触らせお金を巻き上げひと稼ぎ！しかし、ワニ勢と呼ばれる卍ぱねぇ痴漢師たちに全く通じず、ノリ悪すぎと立ち去ろうとすると、滝汗ぱないガチワニ勢に迫られ…ギャルのやばたにえん痴漢映像3名収録！！
隣で妹が寝ているのに音を消さずにAVを観る兄。それに気付いた妹は見て見ぬフリをしようとするが股間は言う事を聞かず… AVではヌケなかった兄が妹の痴態を目撃！何事もなかったかのように寝ようとするも高まった性欲は抑えきれず…！,出演： ,メーカー： DOC,収録時間： 220min,品番： DOCP-130,配信開始日： 2019/02/21,商品発売日： 2019/03/01,シリーズ：,レーベル： DOC PREMIUM,ジャンル： ハイビジョン(HD) 姉・妹 近親相姦 中出し スレンダー 美乳,対応デバイス： Windows/Mac  iPhone/Android,「お兄ちゃん、私隣で寝てるの知ってるよね…？」何やらイヤらしい声が聞こえて妹が目を覚ますと、兄がAVかけっぱでオナニー中！？「見ちゃダメ！早く寝なきゃ！」と思いつつもそう思うたびにイヤらしい音に股間が疼く！兄にバレないようにこっそりオナニーしていると、AVではヌケなかった兄が妹の痴態を目撃！何事もなかったかのように寝ようとするも高まった性欲は抑えきれず…
頭が真っ白に飛ぶまで陰核をトコトン電マ責め 吉沢明歩,出演： 吉沢明歩,メーカー： MAXING,収録時間： 125min,品番： 071MXGS-1086,配信開始日： 2019/02/16,商品発売日： 2019/02/16,シリーズ： 陰核をトコトン電マ責め,レーベル： MAXING,ジャンル： ハイビジョン(HD) お姉さん 単体作品 電マ 口内発射,対応デバイス： Windows/Mac  iPhone/Android,インタビュー中に『電マをクリトリスに当て続けても平気です』とドヤ顔で話す吉沢明歩。そんな発言を見さだめる為、淫核に電マをあてスイッチを入れる。常時刺激を与える機械特有のバイブレーションに余裕をみせていた彼女だが、徐々に笑顔が消え雌の艶やかな声が漏れてくる。クリの皮を剥き直接当てると悲鳴にも似た喘ぎ声をだし何度も体をくねらせアクメ悶絶…。気持ちよすぎて頭が真っ白に飛ぶまでトコトン電マを当て続ける
まお(21) マジックミラー号 素人女子大生限定100の質問中に突然デカチンを即ハメ！恥じらいつつも連続ピストンでオマ○コぐちょ濡れ大絶頂！おまけに大洪水！,出演： ,メーカー： SODマジックミラー号,収録時間： 53min,品番： 320MMGH-154,配信開始日： 2019/03/01,商品発売日： DVD未発売,シリーズ： マジックミラー号,レーベル： マジックミラー号,ジャンル： ハイビジョン(HD) 配信専用素人 ナンパ 素人 企画 女子大生,対応デバイス： Windows/Mac  iPhone/Android,マジックミラー号に女子大生のまおちゃん21歳が乗車！「100の質問」に集中している間にデカチンを即ハメ！とにかく敏感なまおちゃんは、デカチンの快感で我慢できずに大量潮吹き！着てきた服も、ソファも、みんなびっしょびしょ！デカチン即ハメ恐るべし……こんなに潮吹きする素人をあなたは見たことありますか？
mpo.jpプレゼンツ ザ☆ノンフィクション 素人ナンパ 神回ベスト～女子大生・OL編～12人4時間 ホットエンターテイメント×ピーターズ 夢のコラボ！！,出演： ,メーカー： MBM,収録時間： 240min,品番： 360MBM-008,配信開始日： 2019/02/15,商品発売日： 2019/02/15,シリーズ： ザ☆ノンフィクション 素人ナンパ,レーベル： MBM,ジャンル： ハイビジョン(HD) OL 女子大生 ナンパ 素人 ベスト・総集編 4時間以上作品,対応デバイス： Windows/Mac  iPhone/Android,数多のAV作品の中から、自ら映像を見て、納得のいく作品だけを販売する、AV職人が運営する携帯配信サイト【mpo】が、各ジャンルで殿堂入りした珠玉のシーンを厳選、満を持して初DVD化されたマニア必見の逸品。ナンパと言えば、ピーターズとホットエンターテイメント、二大巨頭が夢のコラボ、絶対満足出来るDVDがここに登場！若い娘の初々しいエロさが好きなら、この女子大生、OL編をみるべし！
【MGSだけの特典映像付き+15分】着衣おっぱい 妄想3本番 file.04 色、形、弾力すべてが最上級！！押し寄せるHカップ神乳 河合あすな,出演： 河合あすな,メーカー： プレステージ,収録時間： 225min,品番： ABP-832,配信開始日： 2019/02/14,商品発売日： 2019/02/22,シリーズ： 妄想3本番,レーベル： ABSOLUTELY PERFECT,ジャンル： ハイビジョン(HD) 単体作品 巨乳 パイズリ イラマチオ 美少女 MGSだけの特典映像付,対応デバイス： Windows/Mac  iPhone/Android,【期間限定！～2019/03/21 23:59までに、この商品をご購入された方に通常の還元ポイントに加え、さらに期間固定ポイント300ptプレゼント！※ポイント付与予定日：購入日の翌日12時頃/ポイント有効期限：14日間/注意事項：BIGLOBE・Nifty・GYAO・PCMAX経由のお客様は対象外…
もしも…「通野未帆」が○○だったら…。,出演： 通野未帆,メーカー： プラネットプラス,収録時間： 122min,品番： 263NACR-216,配信開始日： 2019/03/02,商品発売日： 2019/03/01,シリーズ： もしも…○○が○○だったら…。,レーベル： 七狗留,ジャンル： ハイビジョン(HD) 単体作品 スレンダー 人妻 不倫 中出し オナニー,対応デバイス： Windows/Mac  iPhone/Android,淫乱美ボディ女優、通野未帆の3つのストーリー。1、もしも…不倫セックス中に夫から電話があったら…。2、もしも…大人の玩具にドハマりしたら…。3、もしも…ひきこもり自立支援カウンセラーが通野未帆だったら…。未帆さんの魅力をたっぷりお楽しみください！！
彼女が2泊3日の 旅行で居ない間に 既婚者の元カノと 3日間ハメまくった イケナイ純愛記録 森下美怜,出演： 森下美怜,メーカー： 人妻花園劇場,収録時間： 120min,品番： 287HZGD-106,配信開始日： 2019/02/22,商品発売日： 2019/02/22,シリーズ：,レーベル： 人妻花園劇場,ジャンル： 中出し ドラマ 寝取り・寝取られ 単体作品 巨乳 人妻 ハイビジョン(HD),対応デバイス： Windows/Mac  iPhone/Android,～森下美怜演じる純愛NTR～ある日、元カノの美怜と再会したアツシ。彼には彼女が、美怜は結婚して主人がおり、それぞれ別の人生を送っていた。この物語は、アツシの彼女が旅行中に起きた3日間の出来事である。罪悪感を感じながらも燃え上がる2人の身体。止まらない2人の想い。甘く切なく求め合う純愛の記録ー
艷妻ランジェリーナ WIFE.01 艶やかな躰に喰い込む匂い立つ濡布 凛音とうか,出演： 凛音とうか,メーカー： KANBi,収録時間： 135min,品番： 336DTT-014,配信開始日： 2019/01/31,商品発売日： 2019/02/08,シリーズ： 艷妻ランジェリーナ,レーベル： 大哲,ジャンル： ハイビジョン(HD) 人妻 中出し 巨乳 パイズリ 潮吹き 単体作品,対応デバイス： Windows/Mac  iPhone/Android,淫猥な香りを放つ『凛音とうか』が艶やかに狂い咲く…。煌びやかなランジェリーをまとう渇き切ったカラダは情熱的な刺激を望む。幸福と欲情を生む濃厚な口づけと可憐な肢体への熱烈な愛撫。飢えたカラダは全ての刺激に鋭敏な反応を示す。差し出された肉棒には惜しみない奉仕を重ね、潤い豊かな蜜壺へ自ら誘う。猛然と続くピストンに狂乱するカラダは幾度もの絶頂を迎え、膣奥深くへの射精を熱望する…。肉欲に飢えた美淑女と扇情的なランジェリーが織り成す甘美な化学反応をお楽しみください。
夜の都内のオフィス街で声掛けした美人OLさん2人組の後輩りこさん23歳！同じ会社に勤める同性に興奮している恥ずかしいH顔を見られる感覚を味あわせる！お互い同僚の視線で濡れて快感倍増の辱めプレイを堪能！その後はそれぞれ別部屋分かれて開放されたドエロなSEX！,出演： ,メーカー： エチケット,収録時間： 87min,品番： 274ETQT-333,配信開始日： 2019/02/26,商品発売日： DVD未発売,シリーズ：,レーベル： エチケット,ジャンル： ハイビジョン(HD) 配信専用素人 OL お姉さん 巨乳 スレンダー ナンパ パイパン 乱交 潮吹き,対応デバイス： Windows/Mac  iPhone/Android,夜の都内のオフィス街で帰り道の美人OLさん2人組をアンケートで声掛け！インターネットのアンケートで仕事と恋愛のデータを収集しているという事を説明します！真面目なアンケートマンがさっきまで飲んでいたらしい2人に謝礼を用意すると頭を下げて頼み込むと性格の良さそうな2人はむげに断れず付いてきてくれる・・優しい後輩と先輩のOL！下半身に期待が走る！直でホテルへ・・酒を作って気分を盛り上げつつ調査開始！先輩はみずほざん、後輩はりこさん。2人とも彼氏はなし。どんな人がタイプなのか探っていく。話をして心を開いてくれるように優しく耳を傾けます。酒でイイ感じになってきた所を見計らってHな話のスイッチ！りこさんはSEXはして最近なくて妄想オナニー。そして同じくセックスレス(なんと3年も！)のみずほさんは指オナ派w電マを愛用しているという話を引き出して現物を場に持ち込む！！すこしだけねという事でりこちゃんに服の上から胸に電マを当てるとHな空気に・・電マは素人さんには本当に有効です！！先輩のみずほさん「すかさずコレ大丈夫なんですか・・」と心配しますが意外と楽しんで自分で下半身に当てたりしちゃうりこちゃん。その流れに乗じて先輩のみずほちゃんの性感チェックを始めます！耳を舐めたり胸を触ったりする・・下着を見せてください！と頼むとOK！高級そうなブルーのブラジャーに同色のパンティ！しかも横が紐というかなりSEXYなヤツです！しかもガーターストッキングだし欲求不満なアラサー予備軍です！！それも見て後輩りほちゃんも恥ずかしがりながらドキドキしているのが伝わってきます！2人同時に愛撫をして感じておる姿を互いに見せつけ合わせる・・同じ会社に勤める同性に興奮している恥ずかしいH顔を見られる感覚を味あわせちゃいます！お互い同僚の視線で濡れて快感倍増の辱めプレイを堪能！その後はそれぞれ別部屋分かれて開放されたドエロなSEX！
奴隷志願 13 痛みも苦しみも体を貫く全てが快感！ 凛音とうか,出演： 凛音とうか,メーカー： MAD,収録時間： 120min,品番： TKI-098,配信開始日： 2019/02/21,商品発売日： 2019/03/01,シリーズ： 奴隷志願,レーベル： マッド(月),ジャンル： ハイビジョン(HD) 単体作品 SM 巨乳 イラマチオ 中出し 調教・奴隷 拘束 淫乱・ハード系 バイブ,対応デバイス： Windows/Mac  iPhone/Android,【期間限定！～2019/03/31 23:59までに、この商品をご購入された方に通常の還元ポイントに加え、さらに期間固定ポイント300ptプレゼント！※ポイント付与予定日：購入日の翌日12時頃/ポイント有効期限：14日間/注意事項：BIGLOBE・Nifty・GYAO・PCMAX経由のお客様は対象外です】 新たな快楽を知るために、『凛音とうか』はとある部屋を訪れた。家主への忠誠を誓う首輪と抵抗を放棄する手錠。奴隷として生きていくことを望み、熱くたぎる身体を捧げていく。望んだはずの加虐的な刺激は端正な顔立ちに苦悶の色を刻む。情けをかけることなく繰り返される躾の中で少しずつ悦びを知り、日々激しさを増す調教の数々をためらうことなく受け入れる。誠意を込めた奉仕への褒美は濃密な精液。膣奥深くから全身へと染み渡る熱をかみ締めていく。痛みや苦しみの先にある快楽をただひたすらに求め続け、さらなる調教を懇願していく…。